id,memo,Run Name,run_time,Device,VRAM (GB),RAM (GB),CPU Count,Model,Model Size (GB),Context Window,Batch,Threads,Batch Threads,GPU Layers,Prompt Length,New Tokens,Load Time (s),Sample Time (s),Prompt Eval Time (s),Eval Time (s),Total Time (s),Sample Time (Tk/s),Prompt Eval Time (Tk/s),Eval Time (Tk/s),Node ID
cmpl-55e4d778-4b27-468f-a82b-ac843da96a74,,suety_quadrature,24-01-2024_09:27:49,Quadro P1000,3.94,15.35,12,mistral-7b-instruct-v0.2.Q5_K_M.gguf,4.78,1100,512,10,10,0.1,500,100,6.320519,0.034727,6.320013,18.910768,25.47,2879.6,78.96,5.24,Quadro P1000-3.94-15.35-12-mistral-7b-instruct-v0.2.Q5_K_M.gguf
cmpl-87a58157-8e56-4e1f-9cc8-a781c3eab56e,,nondenominational_binocular_vision,24-01-2024_09:45:12,Quadro P1000,3.94,15.35,12,solar-10.7b-instruct-v1.0.Q4_K_M.gguf,6.02,1100,512,10,10,0.3,500,100,8.232828999999999,0.039714,8.232463,22.941458,31.41,2518.0,60.61,4.32,Quadro P1000-3.94-15.35-12-solar-10.7b-instruct-v1.0.Q4_K_M.gguf
cmpl-471e1283-0f94-480a-8613-f5a1f2975986,,suety_quadrature,24-01-2024_09:28:40,Quadro P1000,3.94,15.35,12,mistral-7b-instruct-v0.2.Q5_K_M.gguf,4.78,1100,512,10,10,0.3,500,100,6.056015,0.0394609999999999,6.055586,17.417165,23.71,2534.15,82.4,5.68,Quadro P1000-3.94-15.35-12-mistral-7b-instruct-v0.2.Q5_K_M.gguf
cmpl-e3ce1daa-cd8b-4278-819e-bd22079a8f5d,,nondenominational_binocular_vision,24-01-2024_09:43:30,Quadro P1000,3.94,15.35,12,solar-10.7b-instruct-v1.0.Q4_K_M.gguf,6.02,1100,512,10,10,0.0,500,100,8.965206,0.03996,8.964483,24.049593,33.29,2502.5,55.66,4.12,Quadro P1000-3.94-15.35-12-solar-10.7b-instruct-v1.0.Q4_K_M.gguf
cmpl-ac960417-82b2-49e3-9628-0f2b8672171a,,universal_hipped_roof,24-01-2024_09:39:32,Quadro P1000,3.94,15.35,12,mixtral-8x7b-instruct-v0.1.Q2_K.gguf,14.57,1100,512,10,10,0.0,500,100,28.463878,0.050321,28.463473,112.882582,141.77,1987.24,17.53,0.88,Quadro P1000-3.94-15.35-12-mixtral-8x7b-instruct-v0.1.Q2_K.gguf
cmpl-a1e93575-1e8d-40d8-964e-2674f2cfdf30,,suety_quadrature,24-01-2024_09:27:22,Quadro P1000,3.94,15.35,12,mistral-7b-instruct-v0.2.Q5_K_M.gguf,4.78,1100,512,10,10,0.0,500,100,6.390466,0.04578,6.390065000000001,18.963033,25.68,2184.36,78.09,5.22,Quadro P1000-3.94-15.35-12-mistral-7b-instruct-v0.2.Q5_K_M.gguf
cmpl-e2ed60c8-95f4-4d1e-b47e-0a34e128f0b2,,nondenominational_binocular_vision,24-01-2024_09:44:39,Quadro P1000,3.94,15.35,12,solar-10.7b-instruct-v1.0.Q4_K_M.gguf,6.02,1100,512,10,10,0.2,500,100,8.488693999999999,0.040293,8.488314,23.313233,32.04,2481.82,58.79,4.25,Quadro P1000-3.94-15.35-12-solar-10.7b-instruct-v1.0.Q4_K_M.gguf
cmpl-56f1cec8-5cdc-4bf5-978e-0b0087383389,,eupneic_onion_dome,24-01-2024_09:11:48,Quadro P1000,3.94,15.35,12,llama-2-7b-chat.Q2_K.gguf,2.63,1100,512,10,10,0.0,500,100,7.532528,0.048405,7.531622,12.009663,19.82,2065.9,66.25,8.24,Quadro P1000-3.94-15.35-12-llama-2-7b-chat.Q2_K.gguf
cmpl-b89a7ada-d363-43ec-bf0f-cac8ededb12a,,eupneic_onion_dome,24-01-2024_09:15:35,Quadro P1000,3.94,15.35,12,llama-2-7b-chat.Q2_K.gguf,2.63,1100,512,10,10,0.9,500,100,6.180569,0.033744,6.180041,19.985652,26.39,2963.49,80.74,4.95,Quadro P1000-3.94-15.35-12-llama-2-7b-chat.Q2_K.gguf
cmpl-74056fe4-10f8-4e2e-bbd8-eef20fd423a6,,dewy_heat_lamp,24-01-2024_09:19:30,Quadro P1000,3.94,15.35,12,llama-2-13b-chat.Q5_K_M.gguf,8.6,1100,512,10,10,0.0,500,100,11.709026,0.050063,11.708663,36.419104,48.44,1997.48,42.62,2.72,Quadro P1000-3.94-15.35-12-llama-2-13b-chat.Q5_K_M.gguf
cmpl-71b11285-bddb-4570-a65a-ff83462db6df,,nondenominational_binocular_vision,24-01-2024_09:46:16,Quadro P1000,3.94,15.35,12,solar-10.7b-instruct-v1.0.Q4_K_M.gguf,6.02,1100,512,10,10,0.5,500,100,7.774817,0.041644,7.77444,21.550420000000003,29.56,2425.32,64.18,4.64,Quadro P1000-3.94-15.35-12-solar-10.7b-instruct-v1.0.Q4_K_M.gguf
cmpl-21756bf1-b9cf-4b60-8f06-d58d0715413c,,suety_quadrature,24-01-2024_09:29:06,Quadro P1000,3.94,15.35,12,mistral-7b-instruct-v0.2.Q5_K_M.gguf,4.78,1100,512,10,10,0.4,500,100,5.705618,0.039636,5.705239000000001,18.610833,24.56,2522.96,87.46,5.32,Quadro P1000-3.94-15.35-12-mistral-7b-instruct-v0.2.Q5_K_M.gguf
cmpl-b301d699-5abe-4eac-b30a-51b3018bd7e9,,suety_quadrature,24-01-2024_09:30:19,Quadro P1000,3.94,15.35,12,mistral-7b-instruct-v0.2.Q5_K_M.gguf,4.78,1100,512,10,10,0.7,500,100,5.167032,0.038263,5.166656,16.739918000000003,22.14,2613.49,96.58,5.91,Quadro P1000-3.94-15.35-12-mistral-7b-instruct-v0.2.Q5_K_M.gguf
cmpl-d3d1b5ea-3323-4d24-824c-1ab33d7ba718,,dewy_heat_lamp,24-01-2024_09:21:51,Quadro P1000,3.94,15.35,12,llama-2-13b-chat.Q5_K_M.gguf,8.6,1100,512,10,10,0.3,500,100,10.320161,0.03735,10.319802,33.125211,43.68,2677.38,48.35,2.99,Quadro P1000-3.94-15.35-12-llama-2-13b-chat.Q5_K_M.gguf
cmpl-0307567a-37c7-4652-bef0-f60b0f735615,,eupneic_onion_dome,24-01-2024_09:13:45,Quadro P1000,3.94,15.35,12,llama-2-7b-chat.Q2_K.gguf,2.63,1100,512,10,10,0.5,500,100,6.799574000000001,0.035751,6.799187,16.487444,23.51,2797.12,73.39,6.0,Quadro P1000-3.94-15.35-12-llama-2-7b-chat.Q2_K.gguf
cmpl-668a0da9-e079-4829-8cbd-5f74cc993387,,dewy_heat_lamp,24-01-2024_09:21:05,Quadro P1000,3.94,15.35,12,llama-2-13b-chat.Q5_K_M.gguf,8.6,1100,512,10,10,0.2,500,100,10.870532,0.042256,10.870182000000002,35.1395,46.27,2366.53,45.91,2.82,Quadro P1000-3.94-15.35-12-llama-2-13b-chat.Q5_K_M.gguf
cmpl-a63dbcf2-6e75-4dd4-8638-31a48c8ba0d6,,eupneic_onion_dome,24-01-2024_09:13:20,Quadro P1000,3.94,15.35,12,llama-2-7b-chat.Q2_K.gguf,2.63,1100,512,10,10,0.4,500,100,6.832142,0.033691,6.831753,15.792159,22.85,2968.15,73.04,6.27,Quadro P1000-3.94-15.35-12-llama-2-7b-chat.Q2_K.gguf
cmpl-7cec6ed9-ae76-467c-8dcc-e3c633a050d7,,eupneic_onion_dome,24-01-2024_09:14:12,Quadro P1000,3.94,15.35,12,llama-2-7b-chat.Q2_K.gguf,2.63,1100,512,10,10,0.6,500,100,6.688925,0.041652,6.688545,18.959377,25.91,2400.85,74.61,5.22,Quadro P1000-3.94-15.35-12-llama-2-7b-chat.Q2_K.gguf
cmpl-f24b8341-6f5a-4f5f-9cf0-edd737ac0b6c,,dewy_heat_lamp,24-01-2024_09:20:16,Quadro P1000,3.94,15.35,12,llama-2-13b-chat.Q5_K_M.gguf,8.6,1100,512,10,10,0.1,500,100,10.979787,0.040382,10.979402,32.275334,43.49,2476.35,45.45,3.07,Quadro P1000-3.94-15.35-12-llama-2-13b-chat.Q5_K_M.gguf
cmpl-7f99f982-ffcf-42fc-b1b4-1b273315872f,,eupneic_onion_dome,24-01-2024_09:15:07,Quadro P1000,3.94,15.35,12,llama-2-7b-chat.Q2_K.gguf,2.63,1100,512,10,10,0.8,500,100,6.278441,0.041439,6.278016000000001,19.777052,26.33,2413.19,79.48,5.01,Quadro P1000-3.94-15.35-12-llama-2-7b-chat.Q2_K.gguf
cmpl-6b9093c8-e420-4edb-ac86-e25eaed5ffdc,,universal_hipped_roof,24-01-2024_09:42:05,Quadro P1000,3.94,15.35,12,mixtral-8x7b-instruct-v0.1.Q2_K.gguf,14.57,1100,512,10,10,0.2,500,100,25.421275,0.045827,25.420484,45.731959,71.46,2182.12,19.63,2.16,Quadro P1000-3.94-15.35-12-mixtral-8x7b-instruct-v0.1.Q2_K.gguf
cmpl-850326af-fd11-412a-824e-d666fe8e6a61,,nondenominational_binocular_vision,24-01-2024_09:44:05,Quadro P1000,3.94,15.35,12,solar-10.7b-instruct-v1.0.Q4_K_M.gguf,6.02,1100,512,10,10,0.1,500,100,8.673472,0.034798,8.672779,24.390627,33.3,2873.73,57.54,4.06,Quadro P1000-3.94-15.35-12-solar-10.7b-instruct-v1.0.Q4_K_M.gguf
cmpl-e2dc29ae-4410-457e-9a75-dab2bb003b77,,eupneic_onion_dome,24-01-2024_09:12:33,Quadro P1000,3.94,15.35,12,llama-2-7b-chat.Q2_K.gguf,2.63,1100,512,10,10,0.2,500,100,7.291023,0.040263,7.290642,13.932612,21.46,2483.67,68.44,7.11,Quadro P1000-3.94-15.35-12-llama-2-7b-chat.Q2_K.gguf
cmpl-c1d0f346-be58-4c9f-a40d-2e210eed9dd2,,eupneic_onion_dome,24-01-2024_09:14:39,Quadro P1000,3.94,15.35,12,llama-2-7b-chat.Q2_K.gguf,2.63,1100,512,10,10,0.7,500,100,6.445112,0.0414,6.444475000000001,19.237991,25.93,2415.46,77.43,5.15,Quadro P1000-3.94-15.35-12-llama-2-7b-chat.Q2_K.gguf
cmpl-3e4d3239-e243-438c-820e-1e1b155ef3d3,,eupneic_onion_dome,24-01-2024_09:12:56,Quadro P1000,3.94,15.35,12,llama-2-7b-chat.Q2_K.gguf,2.63,1100,512,10,10,0.3,500,100,7.172862,0.039916,7.172489000000001,14.723755,22.13,2505.26,69.57,6.72,Quadro P1000-3.94-15.35-12-llama-2-7b-chat.Q2_K.gguf
cmpl-5c6a6a51-4a51-4cdb-a193-38dfa226f6b0,,suety_quadrature,24-01-2024_09:29:31,Quadro P1000,3.94,15.35,12,mistral-7b-instruct-v0.2.Q5_K_M.gguf,4.78,1100,512,10,10,0.5,500,100,5.62188,0.0420069999999999,5.621492,17.552802,23.41,2380.56,88.77,5.64,Quadro P1000-3.94-15.35-12-mistral-7b-instruct-v0.2.Q5_K_M.gguf
cmpl-f1a82db0-b19f-4966-af44-ee35064d7800,,eupneic_onion_dome,24-01-2024_09:16:03,Quadro P1000,3.94,15.35,12,llama-2-7b-chat.Q2_K.gguf,2.63,1100,512,10,10,1.0,500,100,5.963402,0.034314,5.963031,20.713764,26.9,2914.26,83.68,4.78,Quadro P1000-3.94-15.35-12-llama-2-7b-chat.Q2_K.gguf
cmpl-03fd099b-e789-45a6-ae4f-524061404865,,universal_hipped_roof,24-01-2024_09:40:39,Quadro P1000,3.94,15.35,12,mixtral-8x7b-instruct-v0.1.Q2_K.gguf,14.57,1100,512,10,10,0.1,500,100,27.949396,0.035529,27.948676,23.056544,51.26,2814.6,17.85,4.29,Quadro P1000-3.94-15.35-12-mixtral-8x7b-instruct-v0.1.Q2_K.gguf
cmpl-97c84f5d-75ae-4d63-9be0-6a16c139e0b0,,nondenominational_binocular_vision,24-01-2024_09:45:44,Quadro P1000,3.94,15.35,12,solar-10.7b-instruct-v1.0.Q4_K_M.gguf,6.02,1100,512,10,10,0.4,500,100,8.028936,0.038419,8.02857,22.324204,30.58,2602.88,62.15,4.43,Quadro P1000-3.94-15.35-12-solar-10.7b-instruct-v1.0.Q4_K_M.gguf
cmpl-53dbbc3d-06b1-4113-b942-f1ad85bf4f87,,suety_quadrature,24-01-2024_09:29:56,Quadro P1000,3.94,15.35,12,mistral-7b-instruct-v0.2.Q5_K_M.gguf,4.78,1100,512,10,10,0.6,500,100,5.440802,0.040928,5.440424,17.556094,23.25,2443.32,91.72,5.64,Quadro P1000-3.94-15.35-12-mistral-7b-instruct-v0.2.Q5_K_M.gguf
cmpl-41f7e716-9ffa-4450-829b-788d8795e06d,,eupneic_onion_dome,24-01-2024_09:12:10,Quadro P1000,3.94,15.35,12,llama-2-7b-chat.Q2_K.gguf,2.63,1100,512,10,10,0.1,500,100,7.380745,0.03976,7.380131,13.291674,20.9,2515.09,67.61,7.45,Quadro P1000-3.94-15.35-12-llama-2-7b-chat.Q2_K.gguf
cmpl-38b059d0-171d-46da-8bc9-2c29bf02c502,,suety_quadrature,24-01-2024_09:28:15,Quadro P1000,3.94,15.35,12,mistral-7b-instruct-v0.2.Q5_K_M.gguf,4.78,1100,512,10,10,0.2,500,100,6.093727,0.0423,6.093344,17.959878,24.29,2364.07,81.89,5.51,Quadro P1000-3.94-15.35-12-mistral-7b-instruct-v0.2.Q5_K_M.gguf
cmpl-27590afb-da79-48ca-8d88-c4173f1e3519,Test at different prompt lengths and constant context,frayed_dive_bomber,24-01-2024_10:24:53,Quadro P1000,3.94,15.35,12,mistral-7b-instruct-v0.2.Q5_K_M.gguf,4.78,1100,512,10,10,0.7,250,100,2.629338,0.035289,2.629123,16.241186,19.11,2833.74,94.71,6.1,Quadro P1000-3.94-15.35-12-mistral-7b-instruct-v0.2.Q5_K_M.gguf
cmpl-43fd66b2-3019-40af-af7b-953b0a94ec2f,Test at different prompt lengths and constant context,frayed_dive_bomber,24-01-2024_10:25:45,Quadro P1000,3.94,15.35,12,mistral-7b-instruct-v0.2.Q5_K_M.gguf,4.78,1100,512,10,10,0.7,750,100,5.191217000000001,0.035219,7.998053,17.449275,25.68,2839.38,93.65,5.67,Quadro P1000-3.94-15.35-12-mistral-7b-instruct-v0.2.Q5_K_M.gguf
cmpl-aa035fa5-d7a8-44fb-ab0b-fe813575bcef,Test at different prompt lengths and constant context,frayed_dive_bomber,24-01-2024_10:25:17,Quadro P1000,3.94,15.35,12,mistral-7b-instruct-v0.2.Q5_K_M.gguf,4.78,1100,512,10,10,0.7,500,100,5.222849,0.035144,5.222419,16.62052,22.08,2845.44,95.55,5.96,Quadro P1000-3.94-15.35-12-mistral-7b-instruct-v0.2.Q5_K_M.gguf
cmpl-75d5f243-031a-4445-a769-4f7a4a9f02a3,Test at different prompt lengths and constant context,frayed_dive_bomber,24-01-2024_10:26:15,Quadro P1000,3.94,15.35,12,mistral-7b-instruct-v0.2.Q5_K_M.gguf,4.78,1100,512,10,10,0.7,1000,100,5.174367,0.040554,10.638421,17.676716,28.55,2465.85,93.9,5.6,Quadro P1000-3.94-15.35-12-mistral-7b-instruct-v0.2.Q5_K_M.gguf
cmpl-8c70337a-30e1-48d6-b53d-bcae367cd632,Test at different prompt lengths and 2400  context,triennial_Earth's_crust,24-01-2024_11:00:11,Quadro P1000,3.94,15.35,12,mistral-7b-instruct-v0.2.Q5_K_M.gguf,4.78,2400,512,10,10,0.7,1680,100,5.191718,0.036347,18.963071,19.532731,38.74,2806.28,88.59,5.17,Quadro P1000-3.94-15.35-12-mistral-7b-instruct-v0.2.Q5_K_M.gguf
cmpl-c41e536e-d524-4e96-b627-d3eb255cae96,Test at different prompt lengths and 1500  context,umber_hemianopsia,24-01-2024_10:50:27,Quadro P1000,3.94,15.35,12,mistral-7b-instruct-v0.2.Q5_K_M.gguf,4.78,1500,512,10,10,0.7,140,100,1.938055,0.040836,1.937776,15.656418,17.82,2448.82,72.25,6.32,Quadro P1000-3.94-15.35-12-mistral-7b-instruct-v0.2.Q5_K_M.gguf
cmpl-f82cc17b-1c67-43a6-8024-a0c2144bcbb5,Test at different prompt lengths and 1500  context,umber_hemianopsia,24-01-2024_10:51:35,Quadro P1000,3.94,15.35,12,mistral-7b-instruct-v0.2.Q5_K_M.gguf,4.78,1500,512,10,10,0.7,560,100,5.190199000000001,0.037007,6.039855,16.673802,22.93,2702.19,92.72,5.94,Quadro P1000-3.94-15.35-12-mistral-7b-instruct-v0.2.Q5_K_M.gguf
cmpl-f0402333-a106-48fc-b3de-ce84bf9d199f,Test at different prompt lengths and 1500  context,umber_hemianopsia,24-01-2024_10:52:33,Quadro P1000,3.94,15.35,12,mistral-7b-instruct-v0.2.Q5_K_M.gguf,4.78,1500,512,10,10,0.7,840,100,5.254737,0.03802,9.42636,18.613607,28.31,2630.19,89.11,5.32,Quadro P1000-3.94-15.35-12-mistral-7b-instruct-v0.2.Q5_K_M.gguf
cmpl-7f578d45-74d5-42da-9c5e-4a9fb96967f0,Test at different prompt lengths and 1500  context,umber_hemianopsia,24-01-2024_10:54:10,Quadro P1000,3.94,15.35,12,mistral-7b-instruct-v0.2.Q5_K_M.gguf,4.78,1500,512,10,10,0.7,1260,100,5.230297,0.037651,13.884221,18.064465,32.18,2655.97,90.75,5.48,Quadro P1000-3.94-15.35-12-mistral-7b-instruct-v0.2.Q5_K_M.gguf
cmpl-de41e5af-2b1c-4c47-bce8-9c28ac31b598,Test at different prompt lengths and 2400  context,triennial_Earth's_crust,24-01-2024_10:57:51,Quadro P1000,3.94,15.35,12,mistral-7b-instruct-v0.2.Q5_K_M.gguf,4.78,2400,512,10,10,0.7,720,100,5.168591,0.034493,7.907310000000001,16.788893,24.92,2899.14,91.05,5.9,Quadro P1000-3.94-15.35-12-mistral-7b-instruct-v0.2.Q5_K_M.gguf
cmpl-4710ad1a-dd6b-4249-995b-71c909b5614d,Test at different prompt lengths and 2400  context,triennial_Earth's_crust,24-01-2024_11:01:42,Quadro P1000,3.94,15.35,12,mistral-7b-instruct-v0.2.Q5_K_M.gguf,4.78,2400,512,10,10,0.7,2160,100,5.186481,0.039695,24.714517,20.5533,45.51,2544.4,87.4,4.87,Quadro P1000-3.94-15.35-12-mistral-7b-instruct-v0.2.Q5_K_M.gguf
cmpl-6bf63be5-2237-4536-ad94-400014e1eeba,Test at different prompt lengths and 2400  context,triennial_Earth's_crust,24-01-2024_11:00:55,Quadro P1000,3.94,15.35,12,mistral-7b-instruct-v0.2.Q5_K_M.gguf,4.78,2400,512,10,10,0.7,1920,100,5.242381,0.038426,21.667334,20.03628,41.95,2654.45,88.61,5.04,Quadro P1000-3.94-15.35-12-mistral-7b-instruct-v0.2.Q5_K_M.gguf
cmpl-079ee94e-46b9-44ed-8e11-580f5d59164c,Test at different prompt lengths and 1500  context,umber_hemianopsia,24-01-2024_10:53:36,Quadro P1000,3.94,15.35,12,mistral-7b-instruct-v0.2.Q5_K_M.gguf,4.78,1500,512,10,10,0.7,1120,100,5.207249,0.0397109999999999,12.291087,17.738988000000003,30.26,2518.19,91.12,5.58,Quadro P1000-3.94-15.35-12-mistral-7b-instruct-v0.2.Q5_K_M.gguf
cmpl-c649feae-ed40-4050-9790-d4869d18ef12,Test at different prompt lengths and 2400  context,triennial_Earth's_crust,24-01-2024_10:58:54,Quadro P1000,3.94,15.35,12,mistral-7b-instruct-v0.2.Q5_K_M.gguf,4.78,2400,512,10,10,0.7,1200,100,5.254794,0.0419309999999999,13.120568,18.661323,32.03,2384.87,91.46,5.31,Quadro P1000-3.94-15.35-12-mistral-7b-instruct-v0.2.Q5_K_M.gguf
cmpl-54ac6caa-dd63-40fc-a659-147915878872,Test at different prompt lengths and 2400  context,triennial_Earth's_crust,24-01-2024_10:58:20,Quadro P1000,3.94,15.35,12,mistral-7b-instruct-v0.2.Q5_K_M.gguf,4.78,2400,512,10,10,0.7,960,100,5.245138,0.040447,10.136063,17.439527000000002,27.81,2472.37,94.71,5.68,Quadro P1000-3.94-15.35-12-mistral-7b-instruct-v0.2.Q5_K_M.gguf
cmpl-4ca08adc-51f6-47df-ba79-c76f56bf4670,Test at different prompt lengths and 2400  context,triennial_Earth's_crust,24-01-2024_10:57:24,Quadro P1000,3.94,15.35,12,mistral-7b-instruct-v0.2.Q5_K_M.gguf,4.78,2400,512,10,10,0.7,480,100,5.126925,0.036204,5.126558,16.583224,21.94,2817.37,93.63,6.09,Quadro P1000-3.94-15.35-12-mistral-7b-instruct-v0.2.Q5_K_M.gguf
cmpl-74cb037b-1da1-405b-8d2b-c0a53732c706,Test at different prompt lengths and 1500  context,umber_hemianopsia,24-01-2024_10:54:45,Quadro P1000,3.94,15.35,12,mistral-7b-instruct-v0.2.Q5_K_M.gguf,4.78,1500,512,10,10,0.7,1400,100,5.18548,0.0346,15.10376,18.792574,34.14,2890.17,92.69,5.27,Quadro P1000-3.94-15.35-12-mistral-7b-instruct-v0.2.Q5_K_M.gguf
cmpl-0c15a979-1d3b-4e58-84c0-514836f42180,Test at different prompt lengths and 2400  context,triennial_Earth's_crust,24-01-2024_10:57:00,Quadro P1000,3.94,15.35,12,mistral-7b-instruct-v0.2.Q5_K_M.gguf,4.78,2400,512,10,10,0.7,240,100,2.595406,0.037743,2.595207,15.776222,18.6,2649.5,92.48,6.28,Quadro P1000-3.94-15.35-12-mistral-7b-instruct-v0.2.Q5_K_M.gguf
cmpl-7eea10c7-9c24-4dfa-9203-339eadbd0df4,Test at different prompt lengths and 1500  context,umber_hemianopsia,24-01-2024_10:50:48,Quadro P1000,3.94,15.35,12,mistral-7b-instruct-v0.2.Q5_K_M.gguf,4.78,1500,512,10,10,0.7,280,100,3.171968,0.034565,3.1717220000000004,15.821072,19.22,2893.1,88.28,6.26,Quadro P1000-3.94-15.35-12-mistral-7b-instruct-v0.2.Q5_K_M.gguf
cmpl-f064964f-e7ef-4f53-8f0c-e32693adafa8,Test at different prompt lengths and 2400  context,triennial_Earth's_crust,24-01-2024_10:59:31,Quadro P1000,3.94,15.35,12,mistral-7b-instruct-v0.2.Q5_K_M.gguf,4.78,2400,512,10,10,0.7,1440,100,5.210314,0.039306,15.908943,18.575004,34.72,2544.14,90.52,5.33,Quadro P1000-3.94-15.35-12-mistral-7b-instruct-v0.2.Q5_K_M.gguf
cmpl-a3745634-7c5c-446b-9138-8f11cf04b34b,Test at different prompt lengths and 1500  context,umber_hemianopsia,24-01-2024_10:53:04,Quadro P1000,3.94,15.35,12,mistral-7b-instruct-v0.2.Q5_K_M.gguf,4.78,1500,512,10,10,0.7,980,100,5.351371,0.040847,10.926569,18.108433,29.28,2448.16,89.69,5.47,Quadro P1000-3.94-15.35-12-mistral-7b-instruct-v0.2.Q5_K_M.gguf
cmpl-c5e97cb4-7c1b-4040-b03f-aa90fa7da02b,Test at different prompt lengths and 1500  context,umber_hemianopsia,24-01-2024_10:52:03,Quadro P1000,3.94,15.35,12,mistral-7b-instruct-v0.2.Q5_K_M.gguf,4.78,1500,512,10,10,0.7,700,100,5.190404,0.039259,7.370219,17.940954,25.56,2547.19,94.98,5.52,Quadro P1000-3.94-15.35-12-mistral-7b-instruct-v0.2.Q5_K_M.gguf
cmpl-741d381b-c260-42e7-83a1-ce07e95a4125,Test at different prompt lengths and 1500  context,umber_hemianopsia,24-01-2024_10:51:11,Quadro P1000,3.94,15.35,12,mistral-7b-instruct-v0.2.Q5_K_M.gguf,4.78,1500,512,10,10,0.7,420,100,4.47647,0.042602,4.4761180000000005,16.20223,20.91,2347.31,93.83,6.11,Quadro P1000-3.94-15.35-12-mistral-7b-instruct-v0.2.Q5_K_M.gguf
cmpl-2c114bbb-6c40-4ba9-8c4e-f2e3470c55ba,Test at different prompt lengths and 1500  context,leaden_pelisse,24-01-2024_12:00:35,Quadro P1000,3.94,15.35,12,solar-10.7b-instruct-v1.0.Q4_K_M.gguf,6.02,1500,512,10,10,0.4,1120,100,7.973013,0.040972,19.295260000000003,22.57233,42.1,2440.69,57.99,4.39,Quadro P1000-3.94-15.35-12-solar-10.7b-instruct-v1.0.Q4_K_M.gguf
cmpl-055e0442-ba8e-46c9-9071-0a3700e0d6c7,Test at different prompt lengths and 2400  context,barrelled_Sclerodermatales,24-01-2024_12:09:28,Quadro P1000,3.94,15.35,12,solar-10.7b-instruct-v1.0.Q4_K_M.gguf,6.02,2400,512,10,10,0.4,1920,100,7.922266,0.034692,33.821022,24.333874,58.38,2882.51,56.74,4.07,Quadro P1000-3.94-15.35-12-solar-10.7b-instruct-v1.0.Q4_K_M.gguf
cmpl-0af52ca1-07af-4b48-9c76-45a51bda47ca,Test at different prompt lengths and 1500  context,leaden_pelisse,24-01-2024_12:02:11,Quadro P1000,3.94,15.35,12,solar-10.7b-instruct-v1.0.Q4_K_M.gguf,6.02,1500,512,10,10,0.4,1400,100,7.986409000000001,0.039144,23.884296000000003,23.541819,47.65,2554.67,58.57,4.21,Quadro P1000-3.94-15.35-12-solar-10.7b-instruct-v1.0.Q4_K_M.gguf
cmpl-5ed4e669-5fbc-4174-8eb3-027b3f722946,Test at different prompt lengths and 1500  context,leaden_pelisse,24-01-2024_11:56:17,Quadro P1000,3.94,15.35,12,solar-10.7b-instruct-v1.0.Q4_K_M.gguf,6.02,1500,512,10,10,0.4,140,100,2.981398,0.03841,2.981264,20.500257,23.71,2603.49,46.62,4.83,Quadro P1000-3.94-15.35-12-solar-10.7b-instruct-v1.0.Q4_K_M.gguf
cmpl-b7f69876-f66c-4273-8afa-641568c999b2,Test at different prompt lengths and 1500  context,leaden_pelisse,24-01-2024_11:58:30,Quadro P1000,3.94,15.35,12,solar-10.7b-instruct-v1.0.Q4_K_M.gguf,6.02,1500,512,10,10,0.4,700,100,7.982692,0.034636,11.406705,21.422908,33.05,2887.17,61.28,4.62,Quadro P1000-3.94-15.35-12-solar-10.7b-instruct-v1.0.Q4_K_M.gguf
cmpl-9bb47624-3f95-4d6d-93c2-b6d63c8b60df,Test at different prompt lengths and 1500  context,leaden_pelisse,24-01-2024_11:59:10,Quadro P1000,3.94,15.35,12,solar-10.7b-instruct-v1.0.Q4_K_M.gguf,6.02,1500,512,10,10,0.4,840,100,7.946231,0.035542,14.413575000000002,23.556845000000003,38.21,2813.57,58.21,4.2,Quadro P1000-3.94-15.35-12-solar-10.7b-instruct-v1.0.Q4_K_M.gguf
cmpl-857002b3-cd21-4750-8be2-bfddb097822d,Test at different prompt lengths and 2400  context,barrelled_Sclerodermatales,24-01-2024_12:04:42,Quadro P1000,3.94,15.35,12,solar-10.7b-instruct-v1.0.Q4_K_M.gguf,6.02,2400,512,10,10,0.4,480,100,7.744196,0.034183,7.74384,22.334884,30.31,2925.43,61.86,4.43,Quadro P1000-3.94-15.35-12-solar-10.7b-instruct-v1.0.Q4_K_M.gguf
cmpl-8a48e074-3e2a-4541-8707-49e50eff9ff7,Test at different prompt lengths and 1500  context,leaden_pelisse,24-01-2024_11:59:52,Quadro P1000,3.94,15.35,12,solar-10.7b-instruct-v1.0.Q4_K_M.gguf,6.02,1500,512,10,10,0.4,980,100,8.055519,0.039395,16.657681,22.79212,39.69,2538.39,58.77,4.34,Quadro P1000-3.94-15.35-12-solar-10.7b-instruct-v1.0.Q4_K_M.gguf
cmpl-c3954df9-bfac-4253-9049-3ccf98cd0f81,Test at different prompt lengths and 2400  context,barrelled_Sclerodermatales,24-01-2024_12:04:10,Quadro P1000,3.94,15.35,12,solar-10.7b-instruct-v1.0.Q4_K_M.gguf,6.02,2400,512,10,10,0.4,240,100,3.979694,0.0333819999999999,3.979243,20.178844,24.37,2995.63,60.06,4.91,Quadro P1000-3.94-15.35-12-solar-10.7b-instruct-v1.0.Q4_K_M.gguf
cmpl-4a59d882-ca3b-4a70-b285-caea2cce2ae4,Test at different prompt lengths and 1500  context,leaden_pelisse,24-01-2024_12:01:22,Quadro P1000,3.94,15.35,12,solar-10.7b-instruct-v1.0.Q4_K_M.gguf,6.02,1500,512,10,10,0.4,1260,100,7.994480999999999,0.034847,21.588429,22.915063000000004,44.73,2869.69,58.32,4.32,Quadro P1000-3.94-15.35-12-solar-10.7b-instruct-v1.0.Q4_K_M.gguf
cmpl-85057ef8-88bb-40ea-9d56-dfc91ce46f38,Test at different prompt lengths and 1500  context,leaden_pelisse,24-01-2024_11:57:56,Quadro P1000,3.94,15.35,12,solar-10.7b-instruct-v1.0.Q4_K_M.gguf,6.02,1500,512,10,10,0.4,560,100,8.025842,0.044975,9.649469000000002,28.161781,38.09,2223.46,57.93,3.52,Quadro P1000-3.94-15.35-12-solar-10.7b-instruct-v1.0.Q4_K_M.gguf
cmpl-7f2860c7-e356-4e18-bbf1-027d17282a78,Test at different prompt lengths and 2400  context,barrelled_Sclerodermatales,24-01-2024_12:07:33,Quadro P1000,3.94,15.35,12,solar-10.7b-instruct-v1.0.Q4_K_M.gguf,6.02,2400,512,10,10,0.4,1440,100,7.910675,0.033612,24.830333,23.041721000000003,48.1,2975.13,57.95,4.3,Quadro P1000-3.94-15.35-12-solar-10.7b-instruct-v1.0.Q4_K_M.gguf
cmpl-120b18d7-9ae6-4c1e-aacf-d13b83982269,Test at different prompt lengths and 1500  context,leaden_pelisse,24-01-2024_11:56:45,Quadro P1000,3.94,15.35,12,solar-10.7b-instruct-v1.0.Q4_K_M.gguf,6.02,1500,512,10,10,0.4,280,100,4.930632,0.041085,4.930396,20.951827,26.11,2433.98,56.59,4.73,Quadro P1000-3.94-15.35-12-solar-10.7b-instruct-v1.0.Q4_K_M.gguf
cmpl-e3407fe4-7ae4-41a7-ab63-6547930c0728,Test at different prompt lengths and 2400  context,barrelled_Sclerodermatales,24-01-2024_12:08:28,Quadro P1000,3.94,15.35,12,solar-10.7b-instruct-v1.0.Q4_K_M.gguf,6.02,2400,512,10,10,0.4,1680,100,7.933406,0.038041,29.956199,23.60413,53.79,2628.74,56.05,4.19,Quadro P1000-3.94-15.35-12-solar-10.7b-instruct-v1.0.Q4_K_M.gguf
cmpl-df7ca79a-592e-4043-ba43-56af5c57f8ba,Test at different prompt lengths and 2400  context,barrelled_Sclerodermatales,24-01-2024_12:05:58,Quadro P1000,3.94,15.35,12,solar-10.7b-instruct-v1.0.Q4_K_M.gguf,6.02,2400,512,10,10,0.4,960,100,7.873428,0.037954,15.589291,22.433149,38.24,2634.77,61.52,4.41,Quadro P1000-3.94-15.35-12-solar-10.7b-instruct-v1.0.Q4_K_M.gguf
cmpl-76c698a8-0168-4279-b710-e1e671d1ead9,Test at different prompt lengths and 2400  context,barrelled_Sclerodermatales,24-01-2024_12:05:18,Quadro P1000,3.94,15.35,12,solar-10.7b-instruct-v1.0.Q4_K_M.gguf,6.02,2400,512,10,10,0.4,720,100,8.083035,0.0398,12.467776,21.989154000000003,34.68,2512.56,57.67,4.5,Quadro P1000-3.94-15.35-12-solar-10.7b-instruct-v1.0.Q4_K_M.gguf
cmpl-50565f4a-a40d-424d-87ff-359a30d75742,Test at different prompt lengths and 2400  context,barrelled_Sclerodermatales,24-01-2024_12:06:43,Quadro P1000,3.94,15.35,12,solar-10.7b-instruct-v1.0.Q4_K_M.gguf,6.02,2400,512,10,10,0.4,1200,100,7.892189,0.033138,20.272036,22.573269,43.07,3017.68,59.15,4.39,Quadro P1000-3.94-15.35-12-solar-10.7b-instruct-v1.0.Q4_K_M.gguf
cmpl-ccc0848a-4fd6-47d4-9887-921494aad4f0,Test at different prompt lengths and 2400  context,barrelled_Sclerodermatales,24-01-2024_12:10:35,Quadro P1000,3.94,15.35,12,solar-10.7b-instruct-v1.0.Q4_K_M.gguf,6.02,2400,512,10,10,0.4,2160,100,8.07443,0.039582,39.590520000000005,25.191086,65.02,2526.4,54.53,3.93,Quadro P1000-3.94-15.35-12-solar-10.7b-instruct-v1.0.Q4_K_M.gguf
cmpl-0ebca3f3-7fc4-4b9a-87bf-53572ec2439b,Test at different prompt lengths and 1500  context,leaden_pelisse,24-01-2024_11:57:16,Quadro P1000,3.94,15.35,12,solar-10.7b-instruct-v1.0.Q4_K_M.gguf,6.02,1500,512,10,10,0.4,420,100,6.922194,0.034308,6.92187,22.137107,29.28,2914.77,60.53,4.47,Quadro P1000-3.94-15.35-12-solar-10.7b-instruct-v1.0.Q4_K_M.gguf
cmpl-9ba97eb7-68f2-4c49-9361-d5a73eee1bc7,Test at different prompt lengths and 1500  context,analphabetic_Raynaud_s_sign,26-01-2024_10:40:50,Tesla T4,14.58,62.01,16,solar-10.7b-instruct-v1.0.Q4_K_M.gguf,6.02,1500,512,10,10,0.7,1120,100,2.183308,0.046128999999999996,5.965072,7.554029000000001,13.81,2167.83,187.59,13.11,Tesla T4-14.58-62.01-16-solar-10.7b-instruct-v1.0.Q4_K_M.gguf
cmpl-ebb1262e-658a-4431-b5e7-49be2d64ac9e,Test at different prompt lengths and 2400  context,favourable_seminiferous_tubule,26-01-2024_10:42:39,Tesla T4,14.58,62.01,16,solar-10.7b-instruct-v1.0.Q4_K_M.gguf,6.02,2400,512,10,10,0.7,480,100,2.0837339999999998,0.039570999999999995,2.083231,7.405806999999999,9.77,2527.1,229.93,13.37,Tesla T4-14.58-62.01-16-solar-10.7b-instruct-v1.0.Q4_K_M.gguf
cmpl-0280d821-4c13-490e-b9db-a8ab173ffd4b,,sectional_Sauvignon_grape,26-01-2024_10:32:15,Tesla T4,14.58,62.01,16,solar-10.7b-instruct-v1.0.Q4_K_M.gguf,6.02,1100,512,10,10,0.5,500,100,3.1715750000000003,0.04782,3.1710439999999998,11.029224000000001,14.51,2112.09,157.36,9.07,Tesla T4-14.58-62.01-16-solar-10.7b-instruct-v1.0.Q4_K_M.gguf
cmpl-c8173fd9-5d17-4bec-a133-386593443153,Test at different prompt lengths and 3400  context,enteral_reminder,26-01-2024_10:53:29,Tesla T4,14.58,62.01,16,solar-10.7b-instruct-v1.0.Q4_K_M.gguf,6.02,3400,512,10,10,0.7,3060,100,2.164649,0.040112,18.6947,8.615745,27.61,2493.02,163.63,11.49,Tesla T4-14.58-62.01-16-solar-10.7b-instruct-v1.0.Q4_K_M.gguf
cmpl-100e4501-3599-49da-841c-93ae6322e523,,sectional_Sauvignon_grape,26-01-2024_10:32:29,Tesla T4,14.58,62.01,16,solar-10.7b-instruct-v1.0.Q4_K_M.gguf,6.02,1100,512,10,10,0.6,500,100,2.668957,0.042918,2.668438,9.517252000000001,12.49,2330.02,187.0,10.4,Tesla T4-14.58-62.01-16-solar-10.7b-instruct-v1.0.Q4_K_M.gguf
cmpl-89c117d9-fc8a-46e4-bf97-2bcbadb987dd,Test at different prompt lengths and 2400  context,favourable_seminiferous_tubule,26-01-2024_10:42:27,Tesla T4,14.58,62.01,16,solar-10.7b-instruct-v1.0.Q4_K_M.gguf,6.02,2400,512,10,10,0.7,240,100,1.432636,0.040884000000000004,1.432342,7.58922,9.31,2445.94,166.86,13.04,Tesla T4-14.58-62.01-16-solar-10.7b-instruct-v1.0.Q4_K_M.gguf
cmpl-563c5f50-2898-49e0-82e6-4403ee8855bb,Test at different prompt lengths and 2400  context,favourable_seminiferous_tubule,26-01-2024_10:42:53,Tesla T4,14.58,62.01,16,solar-10.7b-instruct-v1.0.Q4_K_M.gguf,6.02,2400,512,10,10,0.7,720,100,2.197954,0.04075,3.67315,7.498135,11.45,2453.99,195.74,13.2,Tesla T4-14.58-62.01-16-solar-10.7b-instruct-v1.0.Q4_K_M.gguf
cmpl-eedb352f-f0ac-4efc-9065-89e7a082180c,Test at different prompt lengths and 1500  context,analphabetic_Raynaud_s_sign,26-01-2024_10:39:38,Tesla T4,14.58,62.01,16,solar-10.7b-instruct-v1.0.Q4_K_M.gguf,6.02,1500,512,10,10,0.7,420,100,1.953956,0.040981000000000004,1.9535,7.707228,9.96,2440.16,214.49,12.85,Tesla T4-14.58-62.01-16-solar-10.7b-instruct-v1.0.Q4_K_M.gguf
cmpl-7c474179-061e-457c-8412-210e1b817da0,,sectional_Sauvignon_grape,26-01-2024_10:31:41,Tesla T4,14.58,62.01,16,solar-10.7b-instruct-v1.0.Q4_K_M.gguf,6.02,1100,512,10,10,0.3,500,100,4.161662000000001,0.047074,4.1611210000000005,13.124853000000002,17.59,2124.31,119.92,7.54,Tesla T4-14.58-62.01-16-solar-10.7b-instruct-v1.0.Q4_K_M.gguf
cmpl-568920e2-e593-4a96-a1b8-4613a660a1a9,Test at different prompt lengths and 1500  context,analphabetic_Raynaud_s_sign,26-01-2024_10:41:24,Tesla T4,14.58,62.01,16,solar-10.7b-instruct-v1.0.Q4_K_M.gguf,6.02,1500,512,10,10,0.7,1400,100,2.1722159999999997,0.044693,7.104639,8.007951,15.4,2237.49,196.91,12.36,Tesla T4-14.58-62.01-16-solar-10.7b-instruct-v1.0.Q4_K_M.gguf
cmpl-e32138a1-471c-4583-8a7d-00e4cb2ddb59,Test at different prompt lengths and 1500  context,analphabetic_Raynaud_s_sign,26-01-2024_10:39:15,Tesla T4,14.58,62.01,16,solar-10.7b-instruct-v1.0.Q4_K_M.gguf,6.02,1500,512,10,10,0.7,140,100,1.261938,0.040785,1.261759,7.495938,9.05,2451.88,110.16,13.21,Tesla T4-14.58-62.01-16-solar-10.7b-instruct-v1.0.Q4_K_M.gguf
cmpl-43cc0065-d5c3-4a39-9e87-56fd28c80b8d,,sectional_Sauvignon_grape,26-01-2024_10:32:42,Tesla T4,14.58,62.01,16,solar-10.7b-instruct-v1.0.Q4_K_M.gguf,6.02,1100,512,10,10,0.7,500,100,2.173614,0.041247,2.1731100000000003,7.700605,10.17,2424.42,229.62,12.86,Tesla T4-14.58-62.01-16-solar-10.7b-instruct-v1.0.Q4_K_M.gguf
cmpl-d98f9f3f-a8fd-41c1-afcd-e8e65b2424ce,Test at different prompt lengths and 3400  context,enteral_reminder,26-01-2024_10:50:55,Tesla T4,14.58,62.01,16,solar-10.7b-instruct-v1.0.Q4_K_M.gguf,6.02,3400,512,10,10,0.7,680,100,2.162328,0.047355,3.5249900000000003,7.293275,11.1,2111.71,192.62,13.57,Tesla T4-14.58-62.01-16-solar-10.7b-instruct-v1.0.Q4_K_M.gguf
cmpl-cad4c915-6aa4-4c4e-8404-cbee64553582,,sectional_Sauvignon_grape,26-01-2024_10:30:39,Tesla T4,14.58,62.01,16,solar-10.7b-instruct-v1.0.Q4_K_M.gguf,6.02,1100,512,10,10,0.0,500,100,5.5842089999999995,0.045219,5.583709,16.112225,22.0,2211.46,89.37,6.14,Tesla T4-14.58-62.01-16-solar-10.7b-instruct-v1.0.Q4_K_M.gguf
cmpl-45e5f44f-8655-4391-8b98-249d9afece65,,sectional_Sauvignon_grape,26-01-2024_10:33:01,Tesla T4,14.58,62.01,16,solar-10.7b-instruct-v1.0.Q4_K_M.gguf,6.02,1100,512,10,10,0.9,500,100,1.1915810000000002,0.040929,1.1910589999999999,5.148816,6.63,2443.26,418.95,19.23,Tesla T4-14.58-62.01-16-solar-10.7b-instruct-v1.0.Q4_K_M.gguf
cmpl-e02f9a2f-ea0b-4da8-9234-57a861be856e,Test at different prompt lengths and 2400  context,favourable_seminiferous_tubule,26-01-2024_10:44:44,Tesla T4,14.58,62.01,16,solar-10.7b-instruct-v1.0.Q4_K_M.gguf,6.02,2400,512,10,10,0.7,2160,100,2.1573130000000003,0.04692,12.382161,8.07375,20.75,2131.29,174.36,12.26,Tesla T4-14.58-62.01-16-solar-10.7b-instruct-v1.0.Q4_K_M.gguf
cmpl-f5d833fa-b187-4be8-9f48-233255e8c6c5,Test at different prompt lengths and 3400  context,enteral_reminder,26-01-2024_10:52:32,Tesla T4,14.58,62.01,16,solar-10.7b-instruct-v1.0.Q4_K_M.gguf,6.02,3400,512,10,10,0.7,2380,100,2.156805,0.045133,13.590023,8.212821,22.1,2215.67,175.05,12.05,Tesla T4-14.58-62.01-16-solar-10.7b-instruct-v1.0.Q4_K_M.gguf
cmpl-ace164d7-4f92-4615-8928-88b83c5490fe,Test at different prompt lengths and 1500  context,analphabetic_Raynaud_s_sign,26-01-2024_10:40:34,Tesla T4,14.58,62.01,16,solar-10.7b-instruct-v1.0.Q4_K_M.gguf,6.02,1500,512,10,10,0.7,980,100,2.179212,0.04442,4.593257,7.777423,12.66,2251.24,213.14,12.73,Tesla T4-14.58-62.01-16-solar-10.7b-instruct-v1.0.Q4_K_M.gguf
cmpl-dc65a4d5-ef1f-4bc0-b9a3-a1a21ec7272f,,sectional_Sauvignon_grape,26-01-2024_10:32:52,Tesla T4,14.58,62.01,16,solar-10.7b-instruct-v1.0.Q4_K_M.gguf,6.02,1100,512,10,10,0.8,500,100,1.690306,0.047387,1.68976,6.351667,8.34,2110.28,295.31,15.59,Tesla T4-14.58-62.01-16-solar-10.7b-instruct-v1.0.Q4_K_M.gguf
cmpl-d2826e88-1274-4c32-b29f-930890b84690,Test at different prompt lengths and 3400  context,enteral_reminder,26-01-2024_10:52:59,Tesla T4,14.58,62.01,16,solar-10.7b-instruct-v1.0.Q4_K_M.gguf,6.02,3400,512,10,10,0.7,2720,100,2.159822,0.044372,16.505368999999998,8.412396000000001,25.22,2253.67,164.73,11.77,Tesla T4-14.58-62.01-16-solar-10.7b-instruct-v1.0.Q4_K_M.gguf
cmpl-80e16637-d63d-4e27-9980-63427dcadce5,Test at different prompt lengths and 2400  context,favourable_seminiferous_tubule,26-01-2024_10:44:01,Tesla T4,14.58,62.01,16,solar-10.7b-instruct-v1.0.Q4_K_M.gguf,6.02,2400,512,10,10,0.7,1680,100,2.1633560000000003,0.046683999999999996,9.163598,7.96191,17.42,2163.48,183.22,12.56,Tesla T4-14.58-62.01-16-solar-10.7b-instruct-v1.0.Q4_K_M.gguf
cmpl-0a6e5964-f022-4029-af80-1f6d4a39821e,,sectional_Sauvignon_grape,26-01-2024_10:31:59,Tesla T4,14.58,62.01,16,solar-10.7b-instruct-v1.0.Q4_K_M.gguf,6.02,1100,512,10,10,0.4,500,100,3.65153,0.05043,3.6510160000000003,12.303792999999999,16.27,2022.61,136.67,8.21,Tesla T4-14.58-62.01-16-solar-10.7b-instruct-v1.0.Q4_K_M.gguf
cmpl-08c9ab98-a439-4c6c-817a-c49b03c8a4ac,Test at different prompt lengths and 3400  context,enteral_reminder,26-01-2024_10:51:46,Tesla T4,14.58,62.01,16,solar-10.7b-instruct-v1.0.Q4_K_M.gguf,6.02,3400,512,10,10,0.7,1700,100,2.163882,0.041384,9.254001,8.030016,17.57,2464.72,183.6,12.58,Tesla T4-14.58-62.01-16-solar-10.7b-instruct-v1.0.Q4_K_M.gguf
cmpl-c06c81df-a3b9-4b9f-a5b2-faf4212cec9c,Test at different prompt lengths and 3400  context,enteral_reminder,26-01-2024_10:51:26,Tesla T4,14.58,62.01,16,solar-10.7b-instruct-v1.0.Q4_K_M.gguf,6.02,3400,512,10,10,0.7,1360,100,2.155424,0.039481999999999996,6.86669,7.700895,14.85,2532.8,197.91,12.86,Tesla T4-14.58-62.01-16-solar-10.7b-instruct-v1.0.Q4_K_M.gguf
cmpl-2b1f2c5c-7e7b-4eb0-a36a-feee1e374a23,Test at different prompt lengths and 1500  context,analphabetic_Raynaud_s_sign,26-01-2024_10:40:20,Tesla T4,14.58,62.01,16,solar-10.7b-instruct-v1.0.Q4_K_M.gguf,6.02,1500,512,10,10,0.7,840,100,2.20115,0.046644,4.139839,7.947588,12.39,2143.9,202.66,12.46,Tesla T4-14.58-62.01-16-solar-10.7b-instruct-v1.0.Q4_K_M.gguf
cmpl-b3c5df90-c7b5-417c-994d-2946fec73d03,Test at different prompt lengths and 1500  context,analphabetic_Raynaud_s_sign,26-01-2024_10:41:07,Tesla T4,14.58,62.01,16,solar-10.7b-instruct-v1.0.Q4_K_M.gguf,6.02,1500,512,10,10,0.7,1260,100,2.162056,0.041375,6.466849,7.808178,14.56,2416.92,194.69,12.68,Tesla T4-14.58-62.01-16-solar-10.7b-instruct-v1.0.Q4_K_M.gguf
cmpl-1b5e75d7-2d83-43be-b6c4-c45604db5bda,Test at different prompt lengths and 2400  context,favourable_seminiferous_tubule,26-01-2024_10:43:41,Tesla T4,14.58,62.01,16,solar-10.7b-instruct-v1.0.Q4_K_M.gguf,6.02,2400,512,10,10,0.7,1440,100,2.154608,0.039887,7.226578000000001,7.772984,15.28,2507.08,199.13,12.74,Tesla T4-14.58-62.01-16-solar-10.7b-instruct-v1.0.Q4_K_M.gguf
cmpl-07a9f945-f988-4681-9f74-6d79882f336a,,sectional_Sauvignon_grape,26-01-2024_10:31:22,Tesla T4,14.58,62.01,16,solar-10.7b-instruct-v1.0.Q4_K_M.gguf,6.02,1100,512,10,10,0.2,500,100,4.61735,0.043313000000000004,4.616833000000001,14.240171,19.16,2331.86,108.08,7.02,Tesla T4-14.58-62.01-16-solar-10.7b-instruct-v1.0.Q4_K_M.gguf
cmpl-b697a9a2-f18a-407e-b552-c2826771b097,Test at different prompt lengths and 1500  context,analphabetic_Raynaud_s_sign,26-01-2024_10:39:52,Tesla T4,14.58,62.01,16,solar-10.7b-instruct-v1.0.Q4_K_M.gguf,6.02,1500,512,10,10,0.7,560,100,2.190306,0.047886000000000005,3.240472,7.703939,11.24,2088.29,172.51,12.85,Tesla T4-14.58-62.01-16-solar-10.7b-instruct-v1.0.Q4_K_M.gguf
cmpl-81a9e6a0-a16e-47fb-bd84-1e886e083770,Test at different prompt lengths and 2400  context,favourable_seminiferous_tubule,26-01-2024_10:43:07,Tesla T4,14.58,62.01,16,solar-10.7b-instruct-v1.0.Q4_K_M.gguf,6.02,2400,512,10,10,0.7,960,100,2.167232,0.045371,4.507897,7.843318,12.64,2204.05,212.74,12.62,Tesla T4-14.58-62.01-16-solar-10.7b-instruct-v1.0.Q4_K_M.gguf
cmpl-310d4713-5625-43a0-96cc-cfe9bf969a6b,,sectional_Sauvignon_grape,26-01-2024_10:31:01,Tesla T4,14.58,62.01,16,solar-10.7b-instruct-v1.0.Q4_K_M.gguf,6.02,1100,512,10,10,0.1,500,100,5.128717000000001,0.040953,5.128158,15.115709,20.54,2441.82,97.31,6.55,Tesla T4-14.58-62.01-16-solar-10.7b-instruct-v1.0.Q4_K_M.gguf
cmpl-22d7cfcf-afe4-4378-856e-068dd9e27189,Test at different prompt lengths and 1500  context,analphabetic_Raynaud_s_sign,26-01-2024_10:40:05,Tesla T4,14.58,62.01,16,solar-10.7b-instruct-v1.0.Q4_K_M.gguf,6.02,1500,512,10,10,0.7,700,100,2.1909099999999997,0.041185,3.6064700000000003,7.78112,11.68,2428.07,193.82,12.72,Tesla T4-14.58-62.01-16-solar-10.7b-instruct-v1.0.Q4_K_M.gguf
cmpl-5f3530fe-1a78-4795-bfd1-4cf2425253e0,,sectional_Sauvignon_grape,26-01-2024_10:33:09,Tesla T4,14.58,62.01,16,solar-10.7b-instruct-v1.0.Q4_K_M.gguf,6.02,1100,512,10,10,1.0,500,100,0.6913720000000001,0.046468,0.69086,4.073261,5.04,2152.02,722.29,24.3,Tesla T4-14.58-62.01-16-solar-10.7b-instruct-v1.0.Q4_K_M.gguf
cmpl-5e41c393-297a-403c-9c06-59d3593556c6,Test at different prompt lengths and 3400  context,enteral_reminder,26-01-2024_10:51:09,Tesla T4,14.58,62.01,16,solar-10.7b-instruct-v1.0.Q4_K_M.gguf,6.02,3400,512,10,10,0.7,1020,100,2.157486,0.04683,4.680522,7.559147,12.52,2135.38,217.71,13.1,Tesla T4-14.58-62.01-16-solar-10.7b-instruct-v1.0.Q4_K_M.gguf
cmpl-2af72051-5488-492f-8403-7d33e4bb732e,Test at different prompt lengths and 2400  context,favourable_seminiferous_tubule,26-01-2024_10:44:21,Tesla T4,14.58,62.01,16,solar-10.7b-instruct-v1.0.Q4_K_M.gguf,6.02,2400,512,10,10,0.7,1920,100,2.149886,0.046329,10.24941,7.974991,18.52,2158.48,187.23,12.41,Tesla T4-14.58-62.01-16-solar-10.7b-instruct-v1.0.Q4_K_M.gguf
cmpl-e81ac994-dfb6-4fdb-9acc-49ca6164022c,Test at different prompt lengths and 3400  context,enteral_reminder,26-01-2024_10:52:07,Tesla T4,14.58,62.01,16,solar-10.7b-instruct-v1.0.Q4_K_M.gguf,6.02,3400,512,10,10,0.7,2040,100,2.15384,0.040578,10.880491,8.031762,19.2,2464.39,187.4,12.33,Tesla T4-14.58-62.01-16-solar-10.7b-instruct-v1.0.Q4_K_M.gguf
cmpl-91522818-b4ba-4421-ab95-247369812e86,Test at different prompt lengths and 1500  context,analphabetic_Raynaud_s_sign,26-01-2024_10:39:26,Tesla T4,14.58,62.01,16,solar-10.7b-instruct-v1.0.Q4_K_M.gguf,6.02,1500,512,10,10,0.7,280,100,1.54405,0.046692,1.5437239999999999,7.567327000000001,9.41,2141.69,180.73,13.08,Tesla T4-14.58-62.01-16-solar-10.7b-instruct-v1.0.Q4_K_M.gguf
cmpl-5100ce6a-06c9-458a-80a9-af3876ce3f4d,Test at different prompt lengths and 2400  context,favourable_seminiferous_tubule,26-01-2024_10:43:24,Tesla T4,14.58,62.01,16,solar-10.7b-instruct-v1.0.Q4_K_M.gguf,6.02,2400,512,10,10,0.7,1200,100,2.169459,0.041261000000000006,6.2728649999999995,7.835565000000001,14.4,2423.6,191.14,12.63,Tesla T4-14.58-62.01-16-solar-10.7b-instruct-v1.0.Q4_K_M.gguf
cmpl-559568e2-7b17-4cdb-a739-68ee2091c112,Test at different prompt lengths and 3400  context,enteral_reminder,26-01-2024_10:50:41,Tesla T4,14.58,62.01,16,solar-10.7b-instruct-v1.0.Q4_K_M.gguf,6.02,3400,512,10,10,0.7,340,100,1.718413,0.047697,1.71804,7.286713,9.29,2138.5,197.32,13.86,Tesla T4-14.58-62.01-16-solar-10.7b-instruct-v1.0.Q4_K_M.gguf
